{
    "$schema": "https://schema.management.azure.com/schemas/2019-04-01/deploymentParameters.json#",
    "contentVersion": "1.0.0.0",
    "parameters": {

        "dbAdministratorLogin": {
            "value": "GEN-UNIQUE"
        },
        "dbAdministratorLoginPassword": {
            "value": "GEN-PASSWORD"
        },
        "nonAdminDatabaseUserName": {
            "value": "GEN-UNIQUE-8"
        },
        "nonAdminDatabasePassword": {
            "value": "GEN-PASSWORD"
        }
    }
}
