{
  "$schema": "https://aka.ms/azure-quickstart-templates-metadata-schema#",
  "type": "QuickStart",
  "itemDisplayName": "Provision a Web App with a SQL Database",
  "description": "This template provisions a Web App, a SQL Database, AutoScale settings, Alert rules, and App Insights. It configures a connection string in the web app for the database.",
  "summary": "Provision a Web App with a SQL Database",
  "githubUsername": "leestott",
  "tags": {
    "subscriptiontype": "Azure4Student",
    "resource": "appServices,Web App, SQL",
    "os": "linux, MySQL",
    "level": "intermediate",
    "cost": "$0"
  },
  "dateUpdated": "2021-06-23"
}
